Statut,Avis,Publication,Fermeture
"Publié
  Du jour","2023-114 / 20042093
PAVAGE DU CHEMIN TACHÉ OUEST
Avis d’appel d’offres - Ouvrages de génie civil
Municipalité de Saint-Hubert-de-Rivière-du-Loup.",2025-01-14 15:05,2025-02-06 10:30
"Publié
  Du jour","SP-24-1982 / 20040169
Travaux d’auscultation de la conduite d’aqueduc en béton-acier sur le boulevard Rome
Avis d’appel d’offres - Ouvrages de génie civil
Ville de Brossard",2025-01-14 14:43,2025-02-06 11:00
"Publié
  Du jour","003-GGP-P-25 / 20042082
Travaux de prolongement des conduites d'égout sanitaire et d'eau potable entre la rue André et le chemin des Carrières
Avis d’appel d’offres - Ouvrages de génie civil
Ville de Bromont",2025-01-14 11:27,2025-02-28 11:00
"Publié
  Du jour","6603-25-0218 / 20042060
6603-25-0218 - Construction du ponceau P-20023 (anc. P-01033) situé sur la route Principale, au-dessus du ruisseau Sans Nom (Saint-Nérée-de-Bellechasse).
Avis d’appel d’offres - Ouvrages de génie civil
Ministère des Transports et de la Mobilité durable (Direction de l'administration des appels d'offres publics)",2025-01-14 10:52,2025-02-13 14:00
"Publié
  Du jour","Projet SI-25-261, lot 1 / 20042032
Retrait des sols en pile au 1501, rue Nobel (23 000 m3)
Avis d’appel d’offres - Ouvrages de génie civil
Ville de Sainte-Julie",2025-01-14 10:06,2025-01-31 11:00
"Publié
  Du jour","AM008752 / 20042035
Coteau du lac - travaux de construction d'une canalisation souterraine 25 Kv - lot 1
Avis d’appel d’offres - Ouvrages de génie civil
Hydro-Québec.",2025-01-14 09:59,2025-02-10 14:00
"Publié
  Du jour","2024-228 / 20041998
PAVAGE DU CHEMIN DES QUATORZE ARPENTS
Avis d’appel d’offres - Ouvrages de génie civil
Municipalité de Kamouraska",2025-01-14 09:39,2025-02-05 10:30
